date,event_count,pos_count,neg_count,sentiment_sum,sentiment_mean,max_abs_sentiment
2020-08-28,1,1,0,0.85,0.85,0.85
2020-08-31,3,0,3,-2.55,-0.85,0.9
2020-09-04,1,0,1,-0.85,-0.85,0.85
2020-09-29,1,0,1,-0.85,-0.85,0.85
2020-10-08,1,0,1,-0.75,-0.75,0.75
2020-11-17,1,0,1,-0.85,-0.85,0.85
2020-12-10,1,0,1,-0.9,-0.9,0.9
2020-12-11,3,1,2,-0.95,-0.316667,0.9
2020-12-12,2,0,2,-1.7,-0.85,0.85
2020-12-14,1,0,1,-0.9,-0.9,0.9
2020-12-16,1,0,1,-0.85,-0.85,0.85
2020-12-18,1,1,0,0.9,0.9,0.9
2020-12-21,2,0,2,-1.8,-0.9,0.9
2020-12-22,2,0,2,-1.8,-0.9,0.9
2020-12-23,2,1,1,0.05,0.025,0.9
2020-12-24,1,0,0,0.0,0.0,0.0
2020-12-28,1,0,1,-0.9,-0.9,0.9
2020-12-29,1,0,1,-0.85,-0.85,0.85
2020-12-30,6,6,0,5.2,0.866667,0.9
2020-12-31,6,3,3,0.1,0.016667,0.9
2021-01-07,2,2,0,1.8,0.9,0.95
2021-01-08,1,1,0,0.9,0.9,0.9
2021-01-11,3,0,3,-2.6,-0.866667,0.9
2021-01-12,2,1,1,0.2,0.1,0.95
2021-01-13,2,0,2,-1.7,-0.85,0.85
2021-01-14,3,1,2,-0.9,-0.3,0.9
2021-01-15,2,1,1,0.0,0.0,0.85
2021-01-18,2,1,1,0.0,0.0,0.9
2021-01-19,1,0,1,-0.85,-0.85,0.85
2021-01-20,2,2,0,1.75,0.875,0.9
2021-01-21,2,0,2,-1.75,-0.875,0.9
2021-01-22,1,0,1,-0.9,-0.9,0.9
2021-01-24,1,1,0,0.9,0.9,0.9
2021-01-25,3,1,2,-0.85,-0.283333,0.85
2021-01-26,1,0,1,-0.75,-0.75,0.75
2021-01-27,3,2,0,1.75,0.583333,0.9
2021-01-28,4,2,2,-0.05,-0.0125,0.9
2021-01-29,1,0,1,-0.85,-0.85,0.85
2021-02-01,1,1,0,0.85,0.85,0.85
2021-02-04,2,1,1,0.0,0.0,0.9
2021-02-05,1,1,0,0.9,0.9,0.9
2021-02-09,3,2,1,0.8,0.266667,0.9
2021-02-10,3,3,0,2.65,0.883333,0.9
2021-02-11,3,0,3,-2.65,-0.883333,0.9
2021-02-12,2,2,0,1.8,0.9,0.9
2021-02-15,2,1,1,0.0,0.0,0.9
2021-02-16,2,2,0,1.75,0.875,0.9
2021-02-17,2,1,1,0.05,0.025,0.95
2021-02-18,2,1,1,0.0,0.0,0.9
2021-02-19,3,0,3,-2.7,-0.9,0.9
2021-02-22,3,2,1,0.95,0.316667,0.95
2021-02-23,1,1,0,0.9,0.9,0.9
2021-02-24,4,3,1,1.8,0.45,0.9
2021-02-25,4,1,2,-0.85,-0.2125,0.9
2021-02-26,2,0,2,-1.6,-0.8,0.85
2021-03-01,4,1,2,-0.8,-0.2,0.9
2021-03-02,5,1,1,-0.05,-0.01,0.9
2021-03-03,4,0,4,-3.45,-0.8625,0.9
2021-03-04,1,0,1,-0.85,-0.85,0.85
2021-03-05,3,2,1,1.05,0.35,0.9
2021-03-07,2,1,1,0.1,0.05,0.95
2021-03-08,2,0,2,-1.65,-0.825,0.85
2021-03-09,2,1,0,0.9,0.45,0.9
2021-03-10,6,3,3,0.0,0.0,0.9
2021-03-11,2,1,0,0.85,0.425,0.85
2021-03-12,2,1,1,-0.05,-0.025,0.85
2021-03-15,1,1,0,0.9,0.9,0.9
2021-03-16,3,2,1,0.85,0.283333,0.9
2021-03-17,5,1,2,-0.8,-0.16,0.9
2021-03-18,2,1,1,-0.05,-0.025,0.9
2021-03-19,4,1,3,-1.75,-0.4375,0.9
2021-03-22,2,0,2,-1.7,-0.85,0.85
2021-03-23,4,1,3,-1.75,-0.4375,0.9
2021-03-24,7,4,3,0.95,0.135714,0.95
2021-03-25,3,0,3,-2.65,-0.883333,0.9
2021-03-26,2,2,0,1.8,0.9,0.9
2021-03-29,3,2,1,1.0,0.333333,0.9
2021-03-31,4,1,3,-1.75,-0.4375,0.9
2021-04-01,2,0,1,-0.95,-0.475,0.95
2021-04-02,1,0,1,-0.9,-0.9,0.9
2021-04-05,6,2,4,-1.9,-0.316667,0.9
2021-04-06,4,3,1,1.65,0.4125,0.9
2021-04-07,3,2,1,0.85,0.283333,0.85
2021-04-08,5,1,3,-1.75,-0.35,0.9
2021-04-09,3,0,3,-2.55,-0.85,0.85
2021-04-10,1,0,0,0.0,0.0,0.0
2021-04-12,2,1,1,0.1,0.05,0.85
2021-04-13,3,3,0,2.6,0.866667,0.9
2021-04-14,4,3,1,1.9,0.475,0.9
2021-04-15,4,2,2,-0.05,-0.0125,0.9
2021-04-16,2,0,1,-0.85,-0.425,0.85
2021-04-19,4,0,4,-3.4,-0.85,0.85
2021-04-20,5,1,4,-2.4,-0.48,0.9
2021-04-21,3,0,3,-2.65,-0.883333,0.9
2021-04-22,2,1,1,0.05,0.025,0.9
2021-04-23,3,2,1,0.85,0.283333,0.9
2021-04-24,1,0,1,-0.85,-0.85,0.85
2021-04-26,4,0,4,-3.5,-0.875,0.9
2021-04-27,2,1,1,0.0,0.0,0.85
2021-04-28,2,2,0,1.75,0.875,0.9
2021-04-29,1,1,0,0.9,0.9,0.9
2021-04-30,3,1,2,-0.9,-0.3,0.9
2021-05-04,2,1,1,0.05,0.025,0.9
2021-05-05,1,1,0,0.9,0.9,0.9
2021-05-06,4,2,1,0.85,0.2125,0.9
2021-05-07,1,0,1,-0.9,-0.9,0.9
2021-05-08,1,1,0,0.9,0.9,0.9
2021-05-09,1,0,1,-0.9,-0.9,0.9
2021-05-10,2,1,1,0.15,0.075,0.9
2021-05-11,1,1,0,0.85,0.85,0.85
2021-05-12,2,2,0,1.8,0.9,0.9
2021-05-13,2,0,2,-1.6,-0.8,0.85
2021-05-14,5,4,1,2.8,0.56,0.9
2021-05-15,1,0,1,-0.9,-0.9,0.9
2021-05-17,6,2,4,-1.65,-0.275,0.9
2021-05-18,1,0,1,-0.85,-0.85,0.85
2021-05-19,6,0,6,-5.15,-0.858333,0.9
2021-05-20,3,0,3,-2.65,-0.883333,0.9
2021-05-21,5,3,2,0.9,0.18,0.9
2021-05-23,1,1,0,0.85,0.85,0.85
2021-05-24,2,0,1,-0.85,-0.425,0.85
2021-05-25,3,1,2,-0.85,-0.283333,0.85
2021-05-26,4,2,2,0.05,0.0125,0.9
2021-05-27,1,1,0,0.9,0.9,0.9
2021-05-28,4,4,0,3.5,0.875,0.9
2021-06-01,5,4,1,2.6,0.52,0.9
2021-06-02,4,3,0,2.7,0.675,0.9
2021-06-03,5,4,1,2.7,0.54,0.9
2021-06-04,2,2,0,1.75,0.875,0.9
2021-06-07,9,3,6,-2.1,-0.233333,0.9
2021-06-08,6,1,5,-3.45,-0.575,0.9
2021-06-09,9,7,2,4.5,0.5,0.95
2021-06-10,4,3,0,2.6,0.65,0.9
2021-06-11,5,5,0,4.35,0.87,0.9
2021-06-14,3,1,2,-0.95,-0.316667,0.9
2021-06-15,3,2,1,0.9,0.3,0.9
2021-06-16,6,6,0,5.3,0.883333,0.9
2021-06-17,5,1,4,-2.65,-0.53,0.9
2021-06-18,9,5,4,0.95,0.105556,0.9
2021-06-21,4,3,1,1.75,0.4375,0.9
2021-06-22,6,4,2,1.8,0.3,0.9
2021-06-23,3,3,0,2.7,0.9,0.9
2021-06-24,7,4,3,0.95,0.135714,0.9
2021-06-25,1,0,1,-0.85,-0.85,0.85
2021-06-28,5,1,4,-2.6,-0.52,0.9
2021-06-29,3,1,2,-0.65,-0.216667,0.9
2021-06-30,7,6,1,4.4,0.628571,0.9
2021-07-01,6,2,3,-0.85,-0.141667,0.9
2021-07-02,2,0,0,0.0,0.0,0.0
2021-07-04,1,1,0,0.9,0.9,0.9
2021-07-05,6,1,3,-1.55,-0.258333,0.9
2021-07-06,8,8,0,7.25,0.90625,0.95
2021-07-07,4,1,3,-1.8,-0.45,0.9
2021-07-08,9,2,7,-4.15,-0.461111,0.95
2021-07-09,6,2,4,-1.65,-0.275,0.9
2021-07-12,8,4,4,0.2,0.025,0.9
2021-07-13,2,2,0,1.8,0.9,0.9
2021-07-14,4,0,4,-3.45,-0.8625,0.9
2021-07-15,9,2,7,-4.3,-0.477778,0.9
2021-07-16,1,1,0,0.85,0.85,0.85
2021-07-19,3,0,3,-2.75,-0.916667,0.95
2021-07-20,3,0,3,-2.65,-0.883333,0.9
2021-07-21,7,0,6,-5.05,-0.721429,0.9
2021-07-22,6,5,1,3.4,0.566667,0.9
2021-07-23,3,2,1,0.85,0.283333,0.9
2021-07-27,4,1,3,-1.7,-0.425,0.9
2021-07-28,5,5,0,4.35,0.87,0.9
2021-07-29,4,3,1,1.75,0.4375,0.9
2021-07-30,1,1,0,0.9,0.9,0.9
2021-08-02,3,0,3,-2.65,-0.883333,0.9
2021-08-03,6,4,2,1.7,0.283333,0.9
2021-08-04,4,1,3,-1.7,-0.425,0.9
2021-08-05,5,3,2,0.85,0.17,0.9
2021-08-06,4,0,4,-3.4,-0.85,0.85
2021-08-07,1,0,1,-0.85,-0.85,0.85
2021-08-09,9,1,8,-6.3,-0.7,0.9
2021-08-10,4,4,0,3.45,0.8625,0.9
2021-08-11,5,3,2,0.9,0.18,0.9
2021-08-12,6,0,6,-5.25,-0.875,0.9
2021-08-13,1,0,1,-0.85,-0.85,0.85
2021-08-16,3,1,2,-0.85,-0.283333,0.9
2021-08-17,3,0,2,-1.8,-0.6,0.9
2021-08-18,3,1,1,0.15,0.05,0.9
2021-08-19,5,0,5,-4.45,-0.89,0.9
2021-08-20,2,0,2,-1.7,-0.85,0.85
2021-08-23,2,2,0,1.75,0.875,0.9
2021-08-24,2,0,2,-1.8,-0.9,0.9
2021-08-25,3,1,1,0.0,0.0,0.85
2021-08-26,1,0,1,-0.85,-0.85,0.85
2021-08-27,1,0,1,-0.85,-0.85,0.85
2021-08-29,1,1,0,0.9,0.9,0.9
2021-08-30,5,5,0,4.6,0.92,0.95
2021-08-31,3,0,3,-2.65,-0.883333,0.9
2021-09-01,3,1,2,-0.9,-0.3,0.9
2021-09-02,5,0,5,-4.5,-0.9,0.9
2021-09-03,3,1,2,-0.9,-0.3,0.9
2021-09-05,2,0,2,-1.75,-0.875,0.9
2021-09-06,4,2,2,-0.25,-0.0625,0.9
2021-09-07,1,0,1,-0.9,-0.9,0.9
2021-09-08,5,0,3,-2.5,-0.5,0.9
2021-09-09,2,1,1,0.0,0.0,0.85
2021-09-10,3,2,1,0.95,0.316667,0.9
2021-09-11,1,0,1,-0.85,-0.85,0.85
2021-09-13,6,4,1,2.75,0.458333,0.9
2021-09-14,4,3,1,1.7,0.425,0.85
2021-09-15,6,5,1,3.7,0.616667,0.95
2021-09-16,5,3,2,0.7,0.14,0.9
2021-09-20,6,1,4,-2.65,-0.441667,0.9
2021-09-21,1,1,0,0.9,0.9,0.9
2021-09-22,5,5,0,4.5,0.9,0.9
2021-09-23,4,4,0,3.6,0.9,0.9
2021-09-24,7,6,1,4.65,0.664286,0.95
2021-09-25,1,0,1,-0.85,-0.85,0.85
2021-09-27,7,3,2,0.9,0.128571,0.9
2021-09-28,5,3,1,1.8,0.36,0.95
2021-09-29,7,1,6,-4.2,-0.6,0.9
2021-09-30,6,3,3,0.0,0.0,0.9
2021-10-01,4,2,2,0.05,0.0125,0.9
2021-10-04,4,4,0,3.7,0.925,0.95
2021-10-05,5,3,2,0.95,0.19,0.9
2021-10-06,8,6,2,3.55,0.44375,0.95
2021-10-07,10,6,4,1.75,0.175,0.9
2021-10-08,8,5,3,1.9,0.2375,0.95
2021-10-11,6,5,0,4.35,0.725,0.9
2021-10-12,5,3,2,0.85,0.17,0.9
2021-10-13,11,5,6,-0.6,-0.054545,0.95
2021-10-14,10,7,3,3.6,0.36,0.9
2021-10-15,8,7,1,5.35,0.66875,0.9
2021-10-18,12,7,5,1.9,0.158333,0.9
2021-10-19,6,3,3,0.05,0.008333,0.9
2021-10-20,12,8,4,3.6,0.3,0.9
2021-10-21,12,5,7,-1.5,-0.125,0.9
2021-10-22,3,2,1,0.95,0.316667,0.95
2021-10-25,6,5,1,3.6,0.6,0.9
2021-10-26,3,2,1,0.9,0.3,0.9
2021-10-27,7,2,5,-2.6,-0.371429,0.9
2021-10-28,7,4,3,0.95,0.135714,0.9
2021-10-29,9,5,3,1.85,0.205556,0.9
2021-10-31,1,1,0,0.9,0.9,0.9
2021-11-01,12,8,3,4.35,0.3625,0.9
2021-11-02,6,3,2,0.95,0.158333,0.9
2021-11-03,7,2,5,-2.55,-0.364286,0.9
2021-11-04,3,2,1,0.85,0.283333,0.9
2021-11-05,3,3,0,2.7,0.9,0.9
2021-11-08,10,8,1,6.3,0.63,0.95
2021-11-09,5,4,1,2.65,0.53,0.9
2021-11-10,9,7,2,4.5,0.5,0.9
2021-11-11,5,0,5,-4.45,-0.89,0.9
2021-11-12,5,2,3,-0.8,-0.16,0.9
2021-11-14,1,0,1,-0.9,-0.9,0.9
2021-11-15,3,1,2,-0.85,-0.283333,0.9
2021-11-16,6,5,1,3.35,0.558333,0.9
2021-11-17,6,2,4,-1.75,-0.291667,0.9
2021-11-18,8,0,6,-4.95,-0.61875,0.9
2021-11-19,13,2,11,-8.0,-0.615385,0.9
2021-11-20,1,0,1,-0.9,-0.9,0.9
2021-11-21,2,0,2,-1.75,-0.875,0.9
2021-11-22,6,1,4,-2.5,-0.416667,0.9
2021-11-23,13,3,10,-6.3,-0.484615,0.95
2021-11-24,16,3,13,-8.95,-0.559375,0.9
2021-11-25,6,1,5,-3.5,-0.583333,0.9
2021-11-26,11,0,11,-9.75,-0.886364,0.9
2021-11-29,11,5,6,-0.85,-0.077273,0.9
2021-11-30,4,1,3,-1.75,-0.4375,0.9
2021-12-01,15,8,7,0.65,0.043333,0.9
2021-12-02,14,6,8,-1.75,-0.125,0.9
2021-12-03,5,4,1,2.55,0.51,0.9
2021-12-05,5,2,2,0.05,0.01,0.95
2021-12-06,24,17,3,12.5,0.520833,0.95
2021-12-07,9,7,2,4.45,0.494444,0.9
2021-12-08,7,3,3,-0.2,-0.028571,0.9
2021-12-09,8,2,6,-3.45,-0.43125,0.9
2021-12-10,17,10,7,2.55,0.15,0.9
2021-12-12,5,4,1,2.6,0.52,0.9
2021-12-13,6,1,5,-3.35,-0.558333,0.9
2021-12-14,8,0,8,-6.8,-0.85,0.9
2021-12-15,11,0,11,-9.65,-0.877273,0.9
2021-12-16,12,12,0,10.3,0.858333,0.9
2021-12-17,10,1,8,-6.25,-0.625,0.9
2021-12-20,6,1,5,-3.7,-0.616667,0.95
2021-12-21,11,10,1,7.8,0.709091,0.9
2021-12-22,5,5,0,4.4,0.88,0.9
2021-12-23,6,4,2,1.85,0.308333,0.9
2021-12-26,1,1,0,0.85,0.85,0.85
2021-12-27,3,0,3,-2.45,-0.816667,0.85
2021-12-28,3,3,0,2.7,0.9,0.9
2021-12-29,6,4,2,1.85,0.308333,0.9
2021-12-30,8,3,4,-0.75,-0.09375,0.9
2021-12-31,2,1,1,0.0,0.0,0.9
2022-01-02,1,0,1,-0.85,-0.85,0.85
2022-01-03,3,2,1,0.8,0.266667,0.9
2022-01-04,6,6,0,5.4,0.9,0.95
2022-01-05,5,4,1,2.5,0.5,0.9
2022-01-06,11,6,4,1.9,0.172727,0.95
2022-01-07,5,4,1,2.55,0.51,0.9
2022-01-09,1,0,1,-0.85,-0.85,0.85
2022-01-10,13,8,5,2.5,0.192308,0.95
2022-01-11,7,6,1,4.2,0.6,0.9
2022-01-12,7,7,0,5.9,0.842857,0.9
2022-01-13,6,3,3,0.0,0.0,0.9
2022-01-14,3,2,1,0.9,0.3,0.95
2022-01-16,1,1,0,0.9,0.9,0.9
2022-01-17,4,2,2,-0.15,-0.0375,0.9
2022-01-18,14,13,1,10.6,0.757143,0.9
2022-01-19,9,8,1,6.25,0.694444,0.95
2022-01-20,4,1,3,-1.6,-0.4,0.9
2022-01-21,7,3,4,-0.8,-0.114286,0.9
2022-01-23,2,1,1,0.0,0.0,0.9
2022-01-24,10,4,6,-1.55,-0.155,0.95
2022-01-25,9,4,5,-0.9,-0.1,0.9
2022-01-26,11,10,0,8.9,0.809091,0.9
2022-01-27,5,3,2,0.95,0.19,0.9
2022-01-28,2,1,1,0.05,0.025,0.9
2022-01-30,1,1,0,0.9,0.9,0.9
2022-01-31,9,9,0,8.1,0.9,0.9
2022-02-01,9,5,4,1.0,0.111111,0.9
2022-02-02,10,8,0,6.95,0.695,0.9
2022-02-03,6,6,0,5.15,0.858333,0.9
2022-02-04,5,5,0,4.35,0.87,0.9
2022-02-05,1,1,0,0.9,0.9,0.9
2022-02-06,1,1,0,0.9,0.9,0.9
2022-02-07,8,2,6,-3.45,-0.43125,0.9
2022-02-08,10,4,6,-1.8,-0.18,0.9
2022-02-09,9,8,1,6.3,0.7,0.95
2022-02-10,6,3,3,0.2,0.033333,0.9
2022-02-11,2,2,0,1.8,0.9,0.9
2022-02-13,2,1,1,0.05,0.025,0.9
2022-02-14,15,11,4,6.25,0.416667,0.95
2022-02-15,5,1,4,-2.7,-0.54,0.95
2022-02-16,9,8,0,7.1,0.788889,0.9
2022-02-17,7,1,6,-4.35,-0.621429,0.9
2022-02-18,4,2,2,0.05,0.0125,0.9
2022-02-19,1,1,0,0.9,0.9,0.9
2022-02-20,2,2,0,1.8,0.9,0.9
2022-02-21,4,4,0,3.6,0.9,0.9
2022-02-22,11,9,1,7.35,0.668182,0.95
2022-02-23,9,4,3,0.95,0.105556,0.9
2022-02-24,12,11,1,9.05,0.754167,0.95
2022-02-25,12,9,3,5.7,0.475,0.95
2022-02-27,2,2,0,1.85,0.925,0.95
2022-02-28,17,16,1,13.5,0.794118,0.95
2022-03-01,10,10,0,8.95,0.895,0.95
2022-03-02,17,16,1,13.35,0.785294,0.95
2022-03-03,17,12,5,6.5,0.382353,0.95
2022-03-04,12,11,1,9.2,0.766667,0.95
2022-03-05,1,0,1,-0.85,-0.85,0.85
2022-03-06,6,6,0,5.5,0.916667,0.95
2022-03-07,27,24,3,19.55,0.724074,0.95
2022-03-08,30,28,2,24.3,0.81,0.95
2022-03-09,23,14,9,4.9,0.213043,0.95
2022-03-10,31,26,5,18.85,0.608065,0.95
2022-03-11,10,8,2,5.25,0.525,0.9
2022-03-13,3,1,2,-0.85,-0.283333,0.9
2022-03-14,8,5,2,2.65,0.33125,0.9
2022-03-15,12,6,6,0.25,0.020833,0.95
2022-03-16,6,4,2,1.85,0.308333,0.9
2022-03-17,8,4,3,1.05,0.13125,0.95
2022-03-18,11,3,7,-3.3,-0.3,0.9
2022-03-20,3,3,0,2.75,0.916667,0.95
2022-03-21,7,6,1,4.45,0.635714,0.9
2022-03-22,7,6,1,4.35,0.621429,0.9
2022-03-23,11,9,2,6.45,0.586364,0.95
2022-03-24,6,3,3,0.1,0.016667,0.9
2022-03-25,8,6,2,3.65,0.45625,0.95
2022-03-27,1,1,0,0.85,0.85,0.85
2022-03-28,8,3,5,-1.95,-0.24375,0.9
2022-03-29,6,4,2,1.85,0.308333,0.95
2022-03-30,6,3,3,0.1,0.016667,0.9
2022-03-31,17,4,11,-6.4,-0.376471,0.95
2022-04-01,9,3,5,-1.85,-0.205556,0.95
2022-04-02,1,1,0,0.85,0.85,0.85
2022-04-03,1,0,1,-0.9,-0.9,0.9
2022-04-04,8,6,2,3.8,0.475,0.95
2022-04-05,7,3,2,1.0,0.142857,0.95
2022-04-06,5,1,3,-1.8,-0.36,0.9
2022-04-07,6,3,2,0.9,0.15,0.9
2022-04-08,5,3,2,0.8,0.16,0.9
2022-04-09,1,0,1,-0.9,-0.9,0.9
2022-04-11,6,2,4,-1.85,-0.308333,0.9
2022-04-12,7,3,3,0.1,0.014286,0.9
2022-04-13,4,1,2,-0.9,-0.225,0.9
2022-04-14,5,2,3,-0.9,-0.18,0.9
2022-04-15,2,2,0,1.7,0.85,0.85
2022-04-18,4,3,1,2.0,0.5,0.95
2022-04-19,5,3,2,0.9,0.18,0.95
2022-04-20,8,4,3,0.85,0.10625,0.9
2022-04-21,7,5,2,2.8,0.4,0.95
2022-04-22,7,1,5,-3.4,-0.485714,0.9
2022-04-24,1,1,0,0.85,0.85,0.85
2022-04-25,6,2,4,-1.7,-0.283333,0.9
2022-04-26,8,5,3,2.0,0.25,0.95
2022-04-27,7,5,2,2.65,0.378571,0.9
2022-04-28,7,5,1,3.6,0.514286,0.9
2022-04-29,9,3,6,-2.45,-0.272222,0.9
2022-05-02,4,3,1,1.85,0.4625,0.9
2022-05-03,2,1,1,0.05,0.025,0.9
2022-05-04,7,5,1,3.55,0.507143,0.95
2022-05-05,10,6,4,2.05,0.205,0.95
2022-05-06,9,8,1,6.35,0.705556,0.95
2022-05-08,3,0,3,-2.55,-0.85,0.9
2022-05-09,3,1,2,-0.85,-0.283333,0.95
2022-05-10,9,3,6,-2.7,-0.3,0.9
2022-05-11,11,7,4,2.6,0.236364,0.9
2022-05-12,7,4,3,0.9,0.128571,0.9
2022-05-13,3,3,0,2.65,0.883333,0.9
2022-05-16,3,2,1,0.85,0.283333,0.9
2022-05-17,4,1,3,-1.8,-0.45,0.9
2022-05-18,2,0,2,-1.8,-0.9,0.9
2022-05-19,7,5,2,2.65,0.378571,0.9
2022-05-20,4,1,3,-1.75,-0.4375,0.9
2022-05-23,4,1,2,-0.85,-0.2125,0.85
2022-05-24,8,1,4,-2.7,-0.3375,0.9
2022-05-25,4,1,2,-0.85,-0.2125,0.85
2022-05-26,3,2,1,0.9,0.3,0.9
2022-05-27,4,4,0,3.5,0.875,0.9
2022-05-29,1,0,1,-0.9,-0.9,0.9
2022-05-30,3,1,2,-0.9,-0.3,0.9
2022-05-31,7,6,1,4.55,0.65,0.9
2022-06-01,8,6,2,3.75,0.46875,0.95
2022-06-02,5,2,3,-0.8,-0.16,0.9
2022-06-03,2,1,1,0.05,0.025,0.9
2022-06-05,2,0,2,-1.8,-0.9,0.9
2022-06-06,10,9,1,7.15,0.715,0.9
2022-06-07,4,4,0,3.55,0.8875,0.9
2022-06-08,7,4,3,0.95,0.135714,0.9
2022-06-09,4,1,3,-1.55,-0.3875,0.9
2022-06-10,8,1,7,-5.0,-0.625,0.9
2022-06-13,5,4,1,2.65,0.53,0.9
2022-06-14,9,2,7,-4.35,-0.483333,0.9
2022-06-15,3,1,2,-0.85,-0.283333,0.9
2022-06-16,5,3,2,0.95,0.19,0.9
2022-06-17,4,2,2,0.0,0.0,0.95
2022-06-18,1,0,1,-0.9,-0.9,0.9
2022-06-20,6,2,4,-1.7,-0.283333,0.9
2022-06-21,7,4,3,0.9,0.128571,0.9
2022-06-22,6,0,6,-5.2,-0.866667,0.95
2022-06-23,3,2,1,0.9,0.3,0.9
2022-06-24,3,3,0,2.55,0.85,0.85
2022-06-27,7,2,5,-2.55,-0.364286,0.9
2022-06-28,12,6,6,-0.15,-0.0125,0.95
2022-06-29,9,2,7,-4.4,-0.488889,0.95
2022-06-30,7,3,4,-0.85,-0.121429,0.9
2022-07-01,1,1,0,0.85,0.85,0.85
2022-07-02,1,0,1,-0.85,-0.85,0.85
2022-07-04,7,4,3,0.95,0.135714,0.9
2022-07-05,7,1,6,-4.4,-0.628571,0.95
2022-07-06,5,2,2,0.0,0.0,0.9
2022-07-07,6,5,1,3.55,0.591667,0.9
2022-07-08,4,1,2,-0.9,-0.225,0.9
2022-07-11,3,0,3,-2.55,-0.85,0.85
2022-07-12,8,2,6,-3.4,-0.425,0.9
2022-07-13,7,2,5,-2.65,-0.378571,0.9
2022-07-14,10,1,9,-7.05,-0.705,0.9
2022-07-15,4,1,2,-0.7,-0.175,0.9
2022-07-16,1,0,1,-0.9,-0.9,0.9
2022-07-18,6,4,1,2.65,0.441667,0.9
2022-07-19,7,2,4,-1.65,-0.235714,0.9
2022-07-20,7,4,3,0.95,0.135714,0.9
2022-07-21,4,3,1,1.85,0.4625,0.9
2022-07-22,5,3,2,0.95,0.19,0.9
2022-07-25,6,3,3,-0.15,-0.025,0.9
2022-07-26,2,0,2,-1.7,-0.85,0.9
2022-07-27,6,4,2,1.75,0.291667,0.9
2022-07-28,11,5,6,-0.8,-0.072727,0.9
2022-07-29,9,6,3,2.7,0.3,0.95
2022-07-31,1,1,0,0.85,0.85,0.85
2022-08-01,4,2,2,0.05,0.0125,0.95
2022-08-02,3,1,2,-0.9,-0.3,0.9
2022-08-03,7,2,5,-2.55,-0.364286,0.9
2022-08-04,6,2,3,-0.5,-0.083333,0.9
2022-08-05,2,2,0,1.8,0.9,0.9
2022-08-06,1,1,0,0.9,0.9,0.9
2022-08-07,1,0,1,-0.85,-0.85,0.85
2022-08-08,5,2,3,-0.8,-0.16,0.9
2022-08-09,3,1,1,0.05,0.016667,0.9
2022-08-10,3,1,2,-0.9,-0.3,0.9
2022-08-11,5,2,3,-0.9,-0.18,0.9
2022-08-12,6,2,4,-1.7,-0.283333,0.9
2022-08-15,7,1,6,-4.2,-0.6,0.9
2022-08-16,6,0,6,-5.2,-0.866667,0.9
2022-08-17,10,3,7,-3.4,-0.34,0.9
2022-08-18,4,2,1,0.85,0.2125,0.85
2022-08-19,2,0,2,-1.75,-0.875,0.9
2022-08-22,5,1,4,-2.5,-0.5,0.9
2022-08-23,7,5,2,2.75,0.392857,0.9
2022-08-24,3,2,1,0.85,0.283333,0.85
2022-08-25,2,1,1,-0.05,-0.025,0.9
2022-08-26,6,4,2,1.75,0.291667,0.9
2022-08-27,1,0,1,-0.9,-0.9,0.9
2022-08-29,3,2,1,0.8,0.266667,0.9
2022-08-30,3,2,1,0.9,0.3,0.9
2022-08-31,5,3,2,1.0,0.2,0.9
2022-09-01,10,0,8,-7.05,-0.705,0.95
2022-09-02,12,6,6,0.0,0.0,0.9
2022-09-03,1,0,1,-0.9,-0.9,0.9
2022-09-04,2,1,1,0.1,0.05,0.95
2022-09-05,7,4,3,0.95,0.135714,0.95
2022-09-06,8,3,5,-1.65,-0.20625,0.9
2022-09-07,6,1,5,-3.35,-0.558333,0.9
2022-09-08,4,1,3,-1.65,-0.4125,0.9
2022-09-09,8,3,5,-1.65,-0.20625,0.9
2022-09-10,1,0,1,-0.9,-0.9,0.9
2022-09-11,1,1,0,0.9,0.9,0.9
2022-09-12,12,9,3,5.4,0.45,0.9
2022-09-13,8,2,6,-3.45,-0.43125,0.9
2022-09-14,4,1,3,-1.7,-0.425,0.9
2022-09-15,6,2,3,-0.9,-0.15,0.9
2022-09-16,5,2,3,-0.85,-0.17,0.9
2022-09-19,3,2,1,0.8,0.266667,0.9
2022-09-20,4,2,2,0.05,0.0125,0.9
2022-09-21,5,3,2,0.9,0.18,0.9
2022-09-22,5,4,1,2.6,0.52,0.9
2022-09-23,4,0,4,-3.55,-0.8875,0.9
2022-09-25,1,0,1,-0.9,-0.9,0.9
2022-09-26,8,2,6,-3.4,-0.425,0.9
2022-09-27,6,4,2,1.75,0.291667,0.9
2022-09-28,6,3,3,0.1,0.016667,0.9
2022-09-29,6,3,3,0.05,0.008333,0.95
2022-09-30,4,3,1,1.8,0.45,0.9
2022-10-01,1,0,1,-0.85,-0.85,0.85
2022-10-02,1,1,0,0.9,0.9,0.9
2022-10-03,7,6,1,4.4,0.628571,0.95
2022-10-04,11,8,3,4.55,0.413636,0.95
2022-10-05,11,8,3,4.75,0.431818,0.95
2022-10-06,12,10,2,7.55,0.629167,0.95
2022-10-07,8,5,3,2.05,0.25625,0.95
2022-10-09,2,2,0,1.8,0.9,0.9
2022-10-10,8,4,4,0.05,0.00625,0.95
2022-10-11,3,1,2,-0.85,-0.283333,0.95
2022-10-12,9,2,7,-4.45,-0.494444,0.9
2022-10-13,1,1,0,0.95,0.95,0.95
2022-10-14,5,2,3,-0.85,-0.17,0.9
2022-10-17,3,2,0,1.8,0.6,0.9
2022-10-18,2,0,2,-1.8,-0.9,0.9
2022-10-19,7,2,5,-2.45,-0.35,0.9
2022-10-20,10,2,6,-3.6,-0.36,0.9
2022-10-21,5,3,2,0.9,0.18,0.9
2022-10-23,1,1,0,0.85,0.85,0.85
2022-10-24,1,0,1,-0.85,-0.85,0.85
2022-10-25,4,2,2,-0.05,-0.0125,0.9
2022-10-26,7,1,6,-4.25,-0.607143,0.9
2022-10-27,3,1,2,-0.9,-0.3,0.9
2022-10-28,4,1,3,-1.7,-0.425,0.9
2022-10-31,11,6,4,1.9,0.172727,0.9
2022-11-01,6,4,2,1.7,0.283333,0.9
2022-11-02,3,3,0,2.65,0.883333,0.9
2022-11-03,12,5,7,-1.75,-0.145833,0.9
2022-11-04,8,2,6,-3.4,-0.425,0.9
2022-11-06,1,0,1,-0.85,-0.85,0.85
2022-11-07,6,4,2,1.9,0.316667,0.9
2022-11-08,6,2,4,-1.7,-0.283333,0.9
2022-11-09,6,0,5,-4.35,-0.725,0.9
2022-11-10,6,1,4,-2.75,-0.458333,0.9
2022-11-11,6,3,3,0.15,0.025,0.95
2022-11-13,1,1,0,0.85,0.85,0.85
2022-11-14,7,0,6,-5.2,-0.742857,0.9
2022-11-15,9,4,4,0.15,0.016667,0.95
2022-11-16,5,2,3,-0.9,-0.18,0.9
2022-11-17,7,2,5,-2.6,-0.371429,0.9
2022-11-18,3,0,3,-2.65,-0.883333,0.9
2022-11-21,7,1,6,-4.25,-0.607143,0.9
2022-11-22,5,3,2,1.0,0.2,0.9
2022-11-23,12,3,8,-4.5,-0.375,0.9
2022-11-24,10,0,9,-7.9,-0.79,0.9
2022-11-25,4,0,4,-3.35,-0.8375,0.9
2022-11-26,2,1,1,0.0,0.0,0.9
2022-11-27,1,0,1,-0.9,-0.9,0.9
2022-11-28,8,2,6,-3.55,-0.44375,0.9
2022-11-29,9,4,4,-0.0,-0.0,0.9
2022-11-30,5,1,2,-0.85,-0.17,0.9
2022-12-01,10,4,5,-1.0,-0.1,0.9
2022-12-02,12,1,10,-7.9,-0.658333,0.9
2022-12-03,3,0,2,-1.8,-0.6,0.9
2022-12-04,5,1,2,-0.85,-0.17,0.9
2022-12-05,14,5,8,-2.65,-0.189286,0.95
2022-12-06,15,3,12,-7.95,-0.53,0.9
2022-12-07,14,3,11,-7.15,-0.510714,0.9
2022-12-08,14,3,11,-7.05,-0.503571,0.9
2022-12-09,10,1,7,-5.35,-0.535,0.9
2022-12-10,1,0,1,-0.9,-0.9,0.9
2022-12-11,2,0,1,-0.85,-0.425,0.85
2022-12-12,10,3,7,-3.5,-0.35,0.9
2022-12-13,12,7,4,2.55,0.2125,0.9
2022-12-14,8,5,3,1.75,0.21875,0.9
2022-12-15,4,2,2,0.05,0.0125,0.9
2022-12-16,8,0,6,-5.25,-0.65625,0.9
2022-12-19,8,3,5,-1.75,-0.21875,0.9
2022-12-20,9,0,9,-7.65,-0.85,0.9
2022-12-21,5,3,1,1.8,0.36,0.9
2022-12-22,5,1,4,-2.65,-0.53,0.9
2022-12-23,6,4,2,1.9,0.316667,0.95
2022-12-25,2,1,0,0.9,0.45,0.9
2022-12-26,2,0,2,-1.75,-0.875,0.9
2022-12-27,4,0,4,-3.65,-0.9125,0.95
2022-12-28,4,0,4,-3.4,-0.85,0.9
2022-12-29,5,1,4,-2.65,-0.53,0.9
2022-12-30,4,2,2,0.15,0.0375,0.95
2023-01-02,3,1,2,-0.9,-0.3,0.9
2023-01-03,4,1,3,-1.75,-0.4375,0.9
2023-01-04,6,0,6,-5.35,-0.891667,0.9
2023-01-05,9,2,7,-4.45,-0.494444,0.9
2023-01-06,5,1,4,-2.65,-0.53,0.9
2023-01-08,1,0,1,-0.9,-0.9,0.9
2023-01-09,3,1,2,-0.8,-0.266667,0.9
2023-01-10,9,4,4,-0.05,-0.005556,0.9
2023-01-11,8,3,4,-1.0,-0.125,0.9
2023-01-12,5,3,2,0.95,0.19,0.9
2023-01-13,7,1,6,-4.4,-0.628571,0.9
2023-01-15,2,2,0,1.8,0.9,0.9
2023-01-16,6,3,3,0.05,0.008333,0.9
2023-01-17,5,2,3,-0.95,-0.19,0.9
2023-01-18,4,1,3,-1.75,-0.4375,0.9
2023-01-19,6,2,3,-0.9,-0.15,0.9
2023-01-20,5,1,4,-2.65,-0.53,0.9
2023-01-21,1,0,1,-0.9,-0.9,0.9
2023-01-23,4,3,1,1.7,0.425,0.9
2023-01-24,10,6,3,2.6,0.26,0.9
2023-01-25,3,2,1,0.85,0.283333,0.9
2023-01-26,4,1,3,-1.7,-0.425,0.9
2023-01-27,8,2,6,-3.4,-0.425,0.9
2023-01-30,5,1,4,-2.55,-0.51,0.95
2023-01-31,7,3,4,-0.75,-0.107143,0.9
2023-02-01,7,0,5,-4.45,-0.635714,0.9
2023-02-02,7,3,4,-0.95,-0.135714,0.9
2023-02-03,8,1,7,-5.35,-0.66875,0.9
2023-02-04,1,0,1,-0.9,-0.9,0.9
2023-02-05,1,1,0,0.9,0.9,0.9
2023-02-06,6,1,5,-3.6,-0.6,0.9
2023-02-07,4,2,1,0.9,0.225,0.9
2023-02-08,5,2,3,-0.85,-0.17,0.9
2023-02-09,3,1,2,-0.8,-0.266667,0.9
2023-02-10,12,7,5,2.05,0.170833,0.95
2023-02-12,3,2,1,0.9,0.3,0.9
2023-02-13,4,1,2,-0.9,-0.225,0.9
2023-02-14,12,3,8,-4.4,-0.366667,0.9
2023-02-15,3,0,3,-2.7,-0.9,0.9
2023-02-16,4,1,3,-1.65,-0.4125,0.9
2023-02-17,8,1,7,-5.25,-0.65625,0.9
2023-02-20,2,1,1,0.05,0.025,0.9
2023-02-21,6,2,4,-1.75,-0.291667,0.9
2023-02-22,5,3,2,0.95,0.19,0.95
2023-02-23,5,2,3,-0.95,-0.19,0.9
2023-02-24,5,2,3,-0.9,-0.18,0.9
2023-02-27,3,0,3,-2.7,-0.9,0.9
2023-02-28,4,2,2,0.05,0.0125,0.9
2023-03-01,4,2,2,0.05,0.0125,0.9
2023-03-02,4,1,1,0.0,0.0,0.85
2023-03-03,2,1,1,0.0,0.0,0.85
2023-03-06,6,2,3,-0.8,-0.133333,0.9
2023-03-07,6,3,3,0.1,0.016667,0.9
2023-03-08,7,0,6,-5.2,-0.742857,0.9
2023-03-09,4,2,2,0.05,0.0125,0.9
2023-03-10,3,2,1,0.8,0.266667,0.9
2023-03-12,1,0,1,-0.85,-0.85,0.85
2023-03-13,2,0,2,-1.65,-0.825,0.9
2023-03-14,4,1,3,-1.8,-0.45,0.9
2023-03-15,6,2,4,-1.75,-0.291667,0.9
2023-03-16,4,0,4,-3.55,-0.8875,0.9
2023-03-17,2,0,2,-1.75,-0.875,0.9
2023-03-20,10,2,8,-5.35,-0.535,0.9
2023-03-21,4,4,0,3.5,0.875,0.9
2023-03-22,4,3,1,1.85,0.4625,0.95
2023-03-23,6,1,5,-3.55,-0.591667,0.9
2023-03-24,1,0,1,-0.85,-0.85,0.85
2023-03-27,3,2,1,0.95,0.316667,0.9
2023-03-28,2,2,0,1.65,0.825,0.9
2023-03-29,1,1,0,0.9,0.9,0.9
2023-03-30,3,2,0,1.85,0.616667,0.95
2023-03-31,4,3,1,1.7,0.425,0.9
2023-04-02,7,7,0,6.45,0.921429,0.95
2023-04-03,15,14,1,12.3,0.82,0.95
2023-04-04,10,7,3,3.85,0.385,0.95
2023-04-05,7,4,3,1.15,0.164286,0.95
2023-04-06,4,3,1,1.9,0.475,0.95
2023-04-10,1,0,1,-0.9,-0.9,0.9
2023-04-11,5,3,2,0.95,0.19,0.9
2023-04-12,3,2,1,0.9,0.3,0.9
2023-04-13,7,3,4,-0.8,-0.114286,0.95
2023-04-14,4,3,1,1.85,0.4625,0.95
2023-04-17,7,2,5,-2.7,-0.385714,0.95
2023-04-18,5,2,3,-0.8,-0.16,0.9
2023-04-19,5,1,4,-2.6,-0.52,0.9
2023-04-20,5,0,5,-4.35,-0.87,0.9
2023-04-21,5,2,3,-0.8,-0.16,0.9
2023-04-24,2,0,2,-1.75,-0.875,0.9
2023-04-25,3,0,3,-2.55,-0.85,0.9
2023-04-26,7,2,3,-0.9,-0.128571,0.9
2023-04-27,8,2,6,-3.5,-0.4375,0.9
2023-04-28,7,4,2,1.85,0.264286,0.9
2023-05-01,3,1,2,-0.9,-0.3,0.9
2023-05-02,2,1,1,0.05,0.025,0.9
2023-05-03,3,1,2,-0.9,-0.3,0.9
2023-05-04,10,4,6,-1.7,-0.17,0.9
2023-05-05,2,1,1,-0.05,-0.025,0.9
2023-05-08,4,4,0,3.5,0.875,0.9
2023-05-09,4,2,2,0.0,0.0,0.9
2023-05-10,4,0,3,-2.5,-0.625,0.9
2023-05-11,8,1,7,-5.3,-0.6625,0.9
2023-05-12,7,2,3,-0.85,-0.121429,0.9
2023-05-14,1,0,0,0.0,0.0,0.0
2023-05-15,2,1,1,-0.05,-0.025,0.9
2023-05-16,10,4,5,-0.85,-0.085,0.9
2023-05-17,5,3,2,0.85,0.17,0.9
2023-05-18,4,3,0,2.65,0.6625,0.9
2023-05-19,4,0,4,-3.55,-0.8875,0.9
2023-05-21,2,0,1,-0.85,-0.425,0.85
2023-05-22,4,2,1,0.95,0.2375,0.9
2023-05-23,2,0,2,-1.75,-0.875,0.9
2023-05-24,7,6,1,4.45,0.635714,0.9
2023-05-25,8,2,5,-2.6,-0.325,0.9
2023-05-26,1,1,0,0.85,0.85,0.85
2023-05-29,4,2,2,0.05,0.0125,0.9
2023-05-30,5,2,3,-0.75,-0.15,0.95
2023-05-31,5,1,4,-2.6,-0.52,0.9
2023-06-01,6,2,3,-0.85,-0.141667,0.9
2023-06-02,6,4,1,2.75,0.458333,0.9
2023-06-03,1,1,0,0.9,0.9,0.9
2023-06-04,2,2,0,1.9,0.95,0.95
2023-06-05,8,8,0,7.4,0.925,0.95
2023-06-06,9,3,5,-1.5,-0.166667,0.95
2023-06-07,4,1,3,-1.55,-0.3875,0.9
2023-06-08,1,1,0,0.85,0.85,0.85
2023-06-09,5,0,5,-4.3,-0.86,0.9
2023-06-12,8,0,8,-6.85,-0.85625,0.9
2023-06-13,5,4,0,3.6,0.72,0.9
2023-06-14,5,0,5,-4.4,-0.88,0.9
2023-06-15,4,3,1,1.8,0.45,0.9
2023-06-16,4,1,3,-1.6,-0.4,0.9
2023-06-17,2,0,2,-1.75,-0.875,0.9
2023-06-19,2,0,2,-1.75,-0.875,0.9
2023-06-20,4,1,3,-1.75,-0.4375,0.9
2023-06-21,4,1,3,-1.75,-0.4375,0.9
2023-06-22,3,0,2,-1.8,-0.6,0.9
2023-06-23,4,0,4,-3.5,-0.875,0.9
2023-06-24,1,1,0,0.85,0.85,0.85
2023-06-25,1,1,0,0.85,0.85,0.85
2023-06-26,6,2,3,-0.75,-0.125,0.9
2023-06-27,3,0,3,-2.6,-0.866667,0.9
2023-06-28,4,3,1,1.75,0.4375,0.9
2023-06-29,4,3,1,1.8,0.45,0.9
2023-06-30,1,1,0,0.9,0.9,0.9
2023-07-03,4,1,3,-1.7,-0.425,0.95
2023-07-04,3,1,2,-0.8,-0.266667,0.9
2023-07-05,8,5,2,2.8,0.35,0.95
2023-07-06,4,2,2,0.2,0.05,0.9
2023-07-07,1,1,0,0.9,0.9,0.9
2023-07-10,4,1,3,-1.7,-0.425,0.9
2023-07-11,2,2,0,1.7,0.85,0.85
2023-07-12,8,5,2,2.75,0.34375,0.95
2023-07-13,2,1,1,0.0,0.0,0.9
2023-07-14,3,1,2,-0.8,-0.266667,0.9
2023-07-17,6,3,3,0.05,0.008333,0.95
2023-07-18,3,1,1,0.05,0.016667,0.9
2023-07-19,2,1,1,0.15,0.075,0.9
2023-07-20,2,2,0,1.7,0.85,0.85
2023-07-21,3,2,1,0.9,0.3,0.9
2023-07-24,3,0,3,-2.55,-0.85,0.85
2023-07-25,3,2,0,1.75,0.583333,0.9
2023-07-26,3,1,2,-0.8,-0.266667,0.9
2023-07-27,4,1,3,-1.7,-0.425,0.9
2023-07-28,8,5,3,1.9,0.2375,0.9
2023-07-31,4,4,0,3.6,0.9,0.95
2023-08-01,5,3,2,1.2,0.24,0.95
2023-08-02,2,1,0,0.9,0.45,0.9
2023-08-03,4,2,2,0.05,0.0125,0.9
2023-08-04,4,2,2,-0.05,-0.0125,0.9
2023-08-05,1,1,0,0.95,0.95,0.95
2023-08-07,4,1,3,-1.55,-0.3875,0.95
2023-08-08,7,1,6,-4.35,-0.621429,0.9
2023-08-09,6,6,0,5.3,0.883333,0.95
2023-08-10,9,3,6,-2.45,-0.272222,0.9
2023-08-11,4,3,1,1.9,0.475,0.9
2023-08-14,5,2,3,-0.85,-0.17,0.9
2023-08-15,3,1,2,-0.75,-0.25,0.9
2023-08-16,2,1,1,0.0,0.0,0.9
2023-08-17,2,1,1,0.0,0.0,0.9
2023-08-18,2,0,2,-1.8,-0.9,0.9
2023-08-21,2,1,1,-0.05,-0.025,0.9
2023-08-23,5,3,2,0.95,0.19,0.85
2023-08-24,4,1,3,-1.65,-0.4125,0.9
2023-08-25,2,1,1,0.05,0.025,0.9
2023-08-28,3,1,2,-0.8,-0.266667,0.9
2023-08-29,4,2,2,0.0,0.0,0.9
2023-08-30,4,1,3,-1.7,-0.425,0.9
2023-08-31,5,3,2,0.95,0.19,0.9
2023-09-01,4,3,1,1.75,0.4375,0.95
2023-09-04,7,5,2,2.7,0.385714,0.9
2023-09-05,6,3,2,0.95,0.158333,0.9
2023-09-06,11,10,1,8.35,0.759091,0.95
2023-09-07,4,4,0,3.55,0.8875,0.9
2023-09-08,11,7,3,3.4,0.309091,0.95
2023-09-09,1,1,0,0.85,0.85,0.85
2023-09-11,9,7,2,4.45,0.494444,0.95
2023-09-12,9,8,1,6.3,0.7,0.9
2023-09-13,11,6,5,0.8,0.072727,0.9
2023-09-14,5,4,1,2.65,0.53,0.9
2023-09-15,3,3,0,2.65,0.883333,0.9
2023-09-17,1,0,1,-0.85,-0.85,0.85
2023-09-18,12,7,4,2.8,0.233333,0.95
2023-09-19,6,4,2,1.8,0.3,0.9
2023-09-20,10,3,6,-2.6,-0.26,0.9
2023-09-21,6,4,2,1.95,0.325,0.95
2023-09-22,3,3,0,2.65,0.883333,0.9
2023-09-23,1,1,0,0.9,0.9,0.9
2023-09-24,1,0,1,-0.85,-0.85,0.85
2023-09-25,6,4,2,1.75,0.291667,0.9
2023-09-26,6,4,2,1.9,0.316667,0.95
2023-09-27,6,5,1,3.7,0.616667,0.95
2023-09-28,5,3,2,1.0,0.2,0.9
2023-09-29,4,1,3,-1.7,-0.425,0.9
2023-10-02,4,1,3,-1.75,-0.4375,0.9
2023-10-03,5,3,2,0.95,0.19,0.9
2023-10-04,7,2,5,-2.5,-0.357143,0.9
2023-10-05,7,2,5,-2.65,-0.378571,0.95
2023-10-06,8,1,6,-4.4,-0.55,0.9
2023-10-08,1,1,0,0.9,0.9,0.9
2023-10-09,8,8,0,7.25,0.90625,0.95
2023-10-10,4,2,2,0.1,0.025,0.95
2023-10-11,10,5,5,0.15,0.015,0.95
2023-10-12,10,1,9,-7.0,-0.7,0.9
2023-10-13,9,6,3,2.95,0.327778,0.95
2023-10-15,3,2,1,0.85,0.283333,0.9
2023-10-16,9,6,3,2.8,0.311111,0.95
2023-10-17,6,2,4,-1.75,-0.291667,0.9
2023-10-18,3,2,1,0.9,0.3,0.9
2023-10-19,6,2,3,-0.85,-0.141667,0.9
2023-10-20,3,1,2,-0.85,-0.283333,0.9
2023-10-22,1,0,1,-0.85,-0.85,0.85
2023-10-23,6,2,4,-1.8,-0.3,0.9
2023-10-24,2,2,0,1.75,0.875,0.9
2023-10-25,4,3,1,1.75,0.4375,0.9
2023-10-26,8,2,5,-2.7,-0.3375,0.9
2023-10-27,9,4,4,0.15,0.016667,0.9
2023-10-30,6,3,3,-0.05,-0.008333,0.9
2023-10-31,3,1,2,-0.85,-0.283333,0.9
2023-11-01,4,2,2,0.05,0.0125,0.9
2023-11-02,7,5,1,3.65,0.521429,0.9
2023-11-06,8,3,5,-1.75,-0.21875,0.9
2023-11-07,8,3,4,-0.75,-0.09375,0.9
2023-11-08,8,0,8,-6.95,-0.86875,0.9
2023-11-09,7,3,4,-0.8,-0.114286,0.9
2023-11-10,5,3,2,1.0,0.2,0.9
2023-11-13,5,0,4,-3.35,-0.67,0.9
2023-11-14,3,0,3,-2.5,-0.833333,0.9
2023-11-15,7,1,6,-4.4,-0.628571,0.95
2023-11-16,11,3,8,-4.4,-0.4,0.95
2023-11-17,10,3,7,-3.7,-0.37,0.95
2023-11-20,2,2,0,1.7,0.85,0.85
2023-11-21,2,0,2,-1.7,-0.85,0.85
2023-11-22,4,1,3,-1.9,-0.475,0.9
2023-11-23,3,0,3,-2.7,-0.9,0.9
2023-11-24,2,0,2,-1.75,-0.875,0.9
2023-11-27,3,0,3,-2.55,-0.85,0.9
2023-11-28,4,2,1,0.85,0.2125,0.9
2023-11-29,3,3,0,2.5,0.833333,0.9
2023-11-30,5,1,3,-1.75,-0.35,0.9
2023-12-01,6,1,5,-3.45,-0.575,0.9
2023-12-04,3,1,2,-0.85,-0.283333,0.9
2023-12-05,4,1,3,-1.8,-0.45,0.9
2023-12-06,4,0,4,-3.3,-0.825,0.85
2023-12-07,6,0,5,-4.35,-0.725,0.9
2023-12-08,4,2,2,0.05,0.0125,0.9
2023-12-11,8,2,5,-2.6,-0.325,0.9
2023-12-12,8,2,6,-3.55,-0.44375,0.9
2023-12-13,5,2,3,-0.8,-0.16,0.9
2023-12-14,3,1,2,-0.8,-0.266667,0.9
2023-12-15,3,0,3,-2.55,-0.85,0.85
2023-12-18,8,6,2,3.75,0.46875,0.95
2023-12-19,6,4,2,1.8,0.3,0.9
2023-12-20,9,4,5,-0.85,-0.094444,0.9
2023-12-21,4,0,4,-3.5,-0.875,0.9
2023-12-22,4,2,2,0.05,0.0125,0.9
2023-12-26,3,2,1,0.9,0.3,0.9
2023-12-27,2,0,0,0.0,0.0,0.0
2023-12-28,3,0,3,-2.65,-0.883333,0.9
2023-12-29,2,0,2,-1.75,-0.875,0.9
2023-12-31,1,0,1,-0.9,-0.9,0.9
2024-01-02,3,0,3,-2.6,-0.866667,0.9
2024-01-03,8,4,4,0.05,0.00625,0.9
2024-01-04,3,1,2,-0.9,-0.3,0.9
2024-01-05,4,4,0,3.55,0.8875,0.9
2024-01-07,1,0,1,-0.9,-0.9,0.9
2024-01-08,8,0,8,-7.2,-0.9,0.9
2024-01-09,5,2,3,-0.9,-0.18,0.9
2024-01-10,6,1,5,-3.55,-0.591667,0.9
2024-01-11,8,4,4,-0.1,-0.0125,0.9
2024-01-12,11,7,3,3.5,0.318182,0.9
2024-01-13,1,1,0,0.9,0.9,0.9
2024-01-15,6,0,6,-5.05,-0.841667,0.9
2024-01-16,3,1,1,0.05,0.016667,0.9
2024-01-17,8,2,6,-3.65,-0.45625,0.9
2024-01-18,7,4,3,0.75,0.107143,0.95
2024-01-19,4,2,2,0.05,0.0125,0.9
2024-01-20,1,0,1,-0.9,-0.9,0.9
2024-01-22,2,1,1,0.05,0.025,0.9
2024-01-23,1,0,1,-0.85,-0.85,0.85
2024-01-24,4,3,1,1.7,0.425,0.9
2024-01-25,3,3,0,2.65,0.883333,0.9
2024-01-26,3,3,0,2.6,0.866667,0.9
2024-01-29,4,1,3,-1.75,-0.4375,0.9
2024-01-30,4,2,2,-0.05,-0.0125,0.9
2024-01-31,7,1,6,-4.25,-0.607143,0.9
2024-02-01,6,1,5,-3.45,-0.575,0.9
2024-02-05,3,1,2,-0.85,-0.283333,0.9
2024-02-06,4,2,2,0.0,0.0,0.9
2024-02-07,1,0,1,-0.85,-0.85,0.85
2024-02-08,6,4,2,1.85,0.308333,0.9
2024-02-09,4,3,1,1.75,0.4375,0.9
2024-02-12,3,0,2,-1.8,-0.6,0.9
2024-02-13,6,2,4,-1.65,-0.275,0.9
2024-02-14,6,2,4,-1.75,-0.291667,0.9
2024-02-15,6,1,5,-3.4,-0.566667,0.9
2024-02-16,1,1,0,0.9,0.9,0.9
2024-02-19,1,0,1,-0.9,-0.9,0.9
2024-02-20,4,2,2,0.05,0.0125,0.9
2024-02-21,6,2,4,-1.7,-0.283333,0.9
2024-02-22,4,2,2,-0.15,-0.0375,0.9
2024-02-23,3,0,3,-2.7,-0.9,0.9
2024-02-26,6,3,2,0.9,0.15,0.9
2024-02-27,3,2,1,0.85,0.283333,0.9
2024-02-28,3,0,3,-2.65,-0.883333,0.9
2024-02-29,3,0,3,-2.6,-0.866667,0.9
2024-03-01,4,2,1,0.9,0.225,0.9
2024-03-04,4,1,3,-1.65,-0.4125,0.9
2024-03-05,5,0,4,-3.45,-0.69,0.9
2024-03-06,5,4,1,2.7,0.54,0.9
2024-03-07,4,0,4,-3.25,-0.8125,0.85
2024-03-11,2,1,1,0.0,0.0,0.9
2024-03-12,3,1,2,-0.85,-0.283333,0.9
2024-03-13,3,2,1,1.0,0.333333,0.95
2024-03-14,3,3,0,2.7,0.9,0.9
2024-03-15,3,2,1,0.9,0.3,0.9
2024-03-17,1,1,0,0.85,0.85,0.85
2024-03-18,8,5,3,1.75,0.21875,0.9
2024-03-19,1,1,0,0.85,0.85,0.85
2024-03-20,5,1,3,-1.75,-0.35,0.9
2024-03-21,3,1,1,0.0,0.0,0.9
2024-03-22,1,1,0,0.9,0.9,0.9
2024-03-25,6,5,1,3.6,0.6,0.95
2024-03-26,5,1,3,-1.8,-0.36,0.9
2024-03-27,4,0,4,-3.6,-0.9,0.9
2024-03-28,3,3,0,2.7,0.9,0.9
2024-03-29,1,1,0,0.9,0.9,0.9
2024-04-01,4,4,0,3.6,0.9,0.9
2024-04-02,1,1,0,0.9,0.9,0.9
2024-04-03,6,5,1,3.4,0.566667,0.9
2024-04-04,6,3,3,-0.1,-0.016667,0.9
2024-04-05,5,5,0,4.35,0.87,0.9
2024-04-07,1,0,1,-0.9,-0.9,0.9
2024-04-08,5,2,3,-0.8,-0.16,0.9
2024-04-09,7,4,3,1.0,0.142857,0.9
2024-04-10,3,3,0,2.7,0.9,0.9
2024-04-11,2,0,2,-1.7,-0.85,0.85
2024-04-12,5,4,1,2.7,0.54,0.9
2024-04-14,2,2,0,1.8,0.9,0.9
2024-04-15,4,1,2,-0.8,-0.2,0.9
2024-04-16,6,0,4,-3.35,-0.558333,0.9
2024-04-17,5,2,2,0.05,0.01,0.9
2024-04-18,7,2,5,-2.6,-0.371429,0.9
2024-04-19,7,4,3,1.05,0.15,0.95
2024-04-20,1,1,0,0.9,0.9,0.9
2024-04-22,6,0,6,-4.85,-0.808333,0.9
2024-04-23,5,1,4,-2.6,-0.52,0.9
2024-04-24,1,0,1,-0.9,-0.9,0.9
2024-04-25,5,4,1,2.7,0.54,0.9
2024-04-26,4,3,1,1.8,0.45,0.9
2024-04-29,3,1,2,-0.85,-0.283333,0.9
2024-04-30,6,3,3,0.0,0.0,0.9
2024-05-01,7,2,5,-2.6,-0.371429,0.9
2024-05-02,6,1,3,-1.75,-0.291667,0.9
2024-05-03,5,1,3,-1.75,-0.35,0.9
2024-05-05,1,1,0,0.9,0.9,0.9
2024-05-06,4,2,1,0.95,0.2375,0.9
2024-05-07,4,1,3,-1.65,-0.4125,0.9
2024-05-08,4,3,1,1.8,0.45,0.9
2024-05-09,3,2,0,1.7,0.566667,0.85
2024-05-10,2,0,2,-1.8,-0.9,0.9
2024-05-13,5,2,3,-0.8,-0.16,0.9
2024-05-14,3,1,2,-0.95,-0.316667,0.9
2024-05-16,1,0,1,-0.85,-0.85,0.85
2024-05-17,2,2,0,1.75,0.875,0.9
2024-05-19,1,0,1,-0.9,-0.9,0.9
2024-05-20,6,1,5,-3.5,-0.583333,0.9
2024-05-21,4,1,3,-1.7,-0.425,0.9
2024-05-22,3,1,2,-0.85,-0.283333,0.9
2024-05-23,3,0,3,-2.55,-0.85,0.85
2024-05-24,4,3,1,1.7,0.425,0.9
2024-05-28,5,4,1,2.7,0.54,0.9
2024-05-29,3,0,3,-2.6,-0.866667,0.9
2024-05-30,5,0,5,-4.35,-0.87,0.9
2024-05-31,6,3,3,0.05,0.008333,0.9
2024-06-02,2,2,0,1.75,0.875,0.9
2024-06-03,6,3,3,-0.05,-0.008333,0.9
2024-06-04,3,0,3,-2.65,-0.883333,0.9
2024-06-05,2,1,1,0.0,0.0,0.85
2024-06-06,6,1,5,-3.45,-0.575,0.9
2024-06-07,2,1,1,0.1,0.05,0.9
2024-06-08,1,0,1,-0.9,-0.9,0.9
2024-06-10,3,2,1,0.85,0.283333,0.9
2024-06-11,2,1,1,0.05,0.025,0.9
2024-06-12,3,3,0,2.65,0.883333,0.9
2024-06-13,3,2,1,1.0,0.333333,0.9
2024-06-14,3,3,0,2.6,0.866667,0.9
2024-06-17,2,2,0,1.8,0.9,0.9
2024-06-18,1,1,0,0.9,0.9,0.9
2024-06-19,1,0,1,-0.9,-0.9,0.9
2024-06-20,6,5,1,3.5,0.583333,0.9
2024-06-21,3,0,3,-2.6,-0.866667,0.9
2024-06-24,3,1,2,-0.85,-0.283333,0.9
2024-06-25,4,2,2,-0.05,-0.0125,0.9
2024-06-26,1,0,1,-0.9,-0.9,0.9
2024-06-27,4,2,2,0.1,0.025,0.9
2024-06-28,5,2,3,-0.95,-0.19,0.9
2024-07-01,2,1,1,0.0,0.0,0.85
2024-07-02,3,0,3,-2.65,-0.883333,0.9
2024-07-03,2,1,1,0.0,0.0,0.9
2024-07-04,2,2,0,1.75,0.875,0.9
2024-07-05,1,1,0,0.85,0.85,0.85
2024-07-08,5,2,3,-0.85,-0.17,0.9
2024-07-09,7,0,7,-6.1,-0.871429,0.9
2024-07-10,4,2,1,0.9,0.225,0.9
2024-07-11,5,1,3,-1.7,-0.34,0.9
2024-07-12,5,2,3,-0.8,-0.16,0.9
2024-07-14,1,0,1,-0.85,-0.85,0.85
2024-07-15,2,0,2,-1.8,-0.9,0.9
2024-07-16,3,0,3,-2.65,-0.883333,0.9
2024-07-17,1,1,0,0.95,0.95,0.95
2024-07-18,3,1,1,0.0,0.0,0.9
2024-07-19,3,1,2,-0.95,-0.316667,0.9
2024-07-20,1,0,1,-0.9,-0.9,0.9
2024-07-22,4,0,4,-3.35,-0.8375,0.9
2024-07-23,1,0,1,-0.85,-0.85,0.85
2024-07-24,3,1,2,-0.9,-0.3,0.9
2024-07-25,2,1,1,0.0,0.0,0.85
2024-07-26,3,1,2,-0.95,-0.316667,0.9
2024-07-29,5,1,4,-2.7,-0.54,0.9
2024-07-30,3,1,1,0.0,0.0,0.85
2024-07-31,4,2,1,0.9,0.225,0.9
2024-08-01,3,1,2,-0.9,-0.3,0.9
2024-08-02,4,0,4,-3.55,-0.8875,0.9
2024-08-04,1,0,1,-0.85,-0.85,0.85
2024-08-05,5,3,1,1.75,0.35,0.9
2024-08-06,4,1,3,-1.7,-0.425,0.9
2024-08-07,6,5,1,3.65,0.608333,0.95
2024-08-08,3,1,2,-0.8,-0.266667,0.9
2024-08-09,2,1,1,0.05,0.025,0.9
2024-08-12,7,4,3,0.95,0.135714,0.9
2024-08-13,4,2,2,0.0,0.0,0.9
2024-08-14,5,2,3,-0.8,-0.16,0.9
2024-08-15,2,2,0,1.8,0.9,0.9
2024-08-16,1,0,1,-0.9,-0.9,0.9
2024-08-19,2,1,0,0.9,0.45,0.9
2024-08-20,3,0,3,-2.65,-0.883333,0.9
2024-08-21,4,0,4,-3.5,-0.875,0.9
2024-08-22,4,2,2,0.05,0.0125,0.9
2024-08-23,3,2,1,0.95,0.316667,0.95
2024-08-26,4,2,2,0.1,0.025,0.9
2024-08-27,3,0,3,-2.6,-0.866667,0.9
2024-08-28,4,0,4,-3.45,-0.8625,0.9
2024-08-29,3,2,1,0.95,0.316667,0.9
2024-08-30,3,0,3,-2.65,-0.883333,0.9
2024-09-02,5,1,4,-2.7,-0.54,0.9
2024-09-03,3,0,3,-2.6,-0.866667,0.9
2024-09-04,4,1,3,-1.8,-0.45,0.9
2024-09-05,2,1,1,0.0,0.0,0.9
2024-09-06,6,0,6,-5.2,-0.866667,0.9
2024-09-09,5,2,3,-0.85,-0.17,0.9
2024-09-10,10,0,10,-8.85,-0.885,0.9
2024-09-11,5,3,2,0.9,0.18,0.95
2024-09-12,7,5,2,2.7,0.385714,0.9
2024-09-13,1,0,1,-0.9,-0.9,0.9
2024-09-16,7,2,4,-1.7,-0.242857,0.9
2024-09-17,3,1,2,-0.9,-0.3,0.9
2024-09-18,2,0,2,-1.8,-0.9,0.9
2024-09-19,3,1,2,-0.9,-0.3,0.9
2024-09-20,4,1,2,-0.85,-0.2125,0.85
2024-09-23,4,1,3,-1.75,-0.4375,0.9
2024-09-24,3,3,0,2.7,0.9,0.9
2024-09-25,4,1,3,-1.75,-0.4375,0.9
2024-09-26,9,0,8,-7.15,-0.794444,0.9
2024-09-27,7,2,5,-2.4,-0.342857,0.9
2024-09-30,6,0,6,-5.1,-0.85,0.9
2024-10-01,4,2,2,0.1,0.025,0.9
2024-10-02,4,3,0,2.6,0.65,0.9
2024-10-03,5,4,1,2.75,0.55,0.9
2024-10-04,5,5,0,4.5,0.9,0.9
2024-10-07,3,3,0,2.65,0.883333,0.9
2024-10-08,5,0,5,-4.35,-0.87,0.9
2024-10-09,4,1,3,-1.8,-0.45,0.9
2024-10-10,6,4,2,1.8,0.3,0.9
2024-10-11,2,0,2,-1.6,-0.8,0.85
2024-10-14,1,0,1,-0.9,-0.9,0.9
2024-10-15,3,0,3,-2.65,-0.883333,0.9
2024-10-16,4,1,3,-1.85,-0.4625,0.9
2024-10-17,1,1,0,0.9,0.9,0.9
2024-10-18,3,1,2,-0.85,-0.283333,0.9
2024-10-21,1,0,1,-0.9,-0.9,0.9
2024-10-22,2,0,2,-1.8,-0.9,0.9
2024-10-23,3,0,3,-2.6,-0.866667,0.9
2024-10-24,2,0,2,-1.75,-0.875,0.9
2024-10-25,3,1,2,-0.9,-0.3,0.9
2024-10-27,2,0,2,-1.8,-0.9,0.9
2024-10-28,5,0,5,-4.45,-0.89,0.9
2024-10-29,2,0,2,-1.75,-0.875,0.9
2024-10-30,5,2,3,-0.85,-0.17,0.9
2024-10-31,3,1,2,-0.85,-0.283333,0.9
2024-11-01,6,1,4,-2.6,-0.433333,0.9
2024-11-03,1,1,0,0.9,0.9,0.9
2024-11-04,6,4,2,1.85,0.308333,0.95
2024-11-05,6,3,3,-0.05,-0.008333,0.9
2024-11-06,4,0,4,-3.4,-0.85,0.9
2024-11-07,3,3,0,2.7,0.9,0.9
2024-11-08,2,0,2,-1.75,-0.875,0.9
2024-11-10,2,0,2,-1.7,-0.85,0.85
2024-11-11,3,0,3,-2.65,-0.883333,0.9
2024-11-12,1,0,1,-0.9,-0.9,0.9
2024-11-13,5,2,3,-0.95,-0.19,0.9
2024-11-14,2,2,0,1.85,0.925,0.95
2024-11-15,4,0,4,-3.55,-0.8875,0.9
2024-11-18,4,3,1,1.85,0.4625,0.9
2024-11-19,2,1,0,0.9,0.45,0.9
2024-11-20,3,0,3,-2.55,-0.85,0.9
2024-11-21,3,1,2,-0.75,-0.25,0.85
2024-11-22,3,2,1,0.95,0.316667,0.95
2024-11-23,1,0,1,-0.85,-0.85,0.85
2024-11-24,1,0,0,0.0,0.0,0.0
2024-11-25,3,2,1,0.9,0.3,0.9
2024-11-26,2,0,2,-1.8,-0.9,0.9
2024-11-27,10,4,6,-1.45,-0.145,0.9
2024-11-28,2,0,2,-1.8,-0.9,0.9
2024-11-29,1,0,1,-0.9,-0.9,0.9
2024-12-02,3,1,2,-0.8,-0.266667,0.9
2024-12-03,3,2,1,0.9,0.3,0.9
2024-12-05,4,1,3,-1.65,-0.4125,0.9
2024-12-06,4,2,2,0.0,0.0,0.9
2024-12-08,1,1,0,0.9,0.9,0.9
2024-12-09,3,1,2,-0.85,-0.283333,0.9
2024-12-10,5,4,1,2.55,0.51,0.9
2024-12-11,2,2,0,1.8,0.9,0.9
2024-12-12,10,5,5,0.0,0.0,0.9
2024-12-13,3,2,1,0.9,0.3,0.9
2024-12-16,4,1,2,-0.8,-0.2,0.9
2024-12-18,4,3,1,1.8,0.45,0.9
2024-12-19,4,0,3,-2.65,-0.6625,0.9
2024-12-20,4,1,3,-1.8,-0.45,0.9
2024-12-23,1,0,1,-0.9,-0.9,0.9
2024-12-24,1,1,0,0.85,0.85,0.85
2024-12-27,1,1,0,0.85,0.85,0.85
2024-12-30,1,0,1,-0.75,-0.75,0.75
2024-12-31,3,0,3,-2.65,-0.883333,0.9
2025-01-03,2,1,1,-0.05,-0.025,0.9
2025-01-06,4,3,1,1.75,0.4375,0.9
2025-01-07,3,3,0,2.65,0.883333,0.9
2025-01-08,3,2,1,0.95,0.316667,0.9
2025-01-09,2,1,1,0.0,0.0,0.9
2025-01-10,6,4,2,1.75,0.291667,0.95
2025-01-12,3,3,0,2.7,0.9,0.9
2025-01-13,11,5,5,0.1,0.009091,0.95
2025-01-14,5,4,1,2.7,0.54,0.9
2025-01-15,3,2,1,0.95,0.316667,0.9
2025-01-16,7,3,3,0.15,0.021429,0.95
2025-01-17,4,2,2,0.0,0.0,0.9
2025-01-20,5,1,4,-2.55,-0.51,0.9
2025-01-21,3,1,2,-0.85,-0.283333,0.85
2025-01-22,4,2,1,0.95,0.2375,0.9
2025-01-23,2,1,1,0.0,0.0,0.85
2025-01-24,5,1,4,-2.55,-0.51,0.9
2025-01-27,6,4,2,1.7,0.283333,0.9
2025-01-28,4,0,4,-3.55,-0.8875,0.9
2025-01-29,4,1,3,-1.65,-0.4125,0.9
2025-01-30,3,0,3,-2.6,-0.866667,0.9
2025-01-31,5,0,5,-4.35,-0.87,0.9
2025-02-03,4,0,3,-2.6,-0.65,0.9
2025-02-04,4,1,3,-1.6,-0.4,0.9
2025-02-05,3,1,2,-0.95,-0.316667,0.9
2025-02-06,2,0,1,-0.85,-0.425,0.85
2025-02-07,4,1,3,-1.7,-0.425,0.9
2025-02-10,3,0,2,-1.7,-0.566667,0.85
2025-02-11,5,3,2,0.9,0.18,0.9
2025-02-12,4,1,3,-1.8,-0.45,0.9
2025-02-13,6,2,4,-1.75,-0.291667,0.9
2025-02-14,3,2,1,1.0,0.333333,0.95
2025-02-17,2,0,1,-0.85,-0.425,0.85
2025-02-18,3,0,2,-1.8,-0.6,0.9
2025-02-20,5,0,5,-4.3,-0.86,0.9
2025-02-21,3,2,1,0.95,0.316667,0.9
2025-02-22,1,0,1,-0.9,-0.9,0.9
2025-02-24,2,0,2,-1.75,-0.875,0.9
2025-02-25,4,1,3,-1.75,-0.4375,0.9
2025-02-26,5,0,5,-4.25,-0.85,0.9
2025-02-27,4,1,3,-1.7,-0.425,0.9
2025-02-28,4,0,4,-3.4,-0.85,0.85
2025-03-03,3,1,2,-0.45,-0.15,0.9
2025-03-04,8,1,6,-4.4,-0.55,0.9
2025-03-05,2,0,2,-1.8,-0.9,0.9
2025-03-06,4,0,4,-3.5,-0.875,0.9
2025-03-07,5,2,3,-0.9,-0.18,0.9
2025-03-09,1,0,1,-0.85,-0.85,0.85
2025-03-10,4,1,3,-1.7,-0.425,0.9
2025-03-11,2,0,2,-1.75,-0.875,0.9
2025-03-12,3,1,2,-0.9,-0.3,0.9
2025-03-13,2,1,1,0.0,0.0,0.9
2025-03-14,6,0,5,-4.35,-0.725,0.9
2025-03-16,1,1,0,0.9,0.9,0.9
2025-03-17,3,1,2,-0.85,-0.283333,0.9
2025-03-18,1,0,1,-0.9,-0.9,0.9
2025-03-19,6,2,4,-1.8,-0.3,0.9
2025-03-20,3,2,1,0.9,0.3,0.9
2025-03-21,2,1,1,-0.05,-0.025,0.9
2025-03-23,1,0,1,-0.9,-0.9,0.9
2025-03-24,6,4,2,1.8,0.3,0.9
2025-03-25,4,2,2,-0.1,-0.025,0.9
2025-03-26,5,3,2,0.9,0.18,0.9
2025-03-27,1,0,1,-0.85,-0.85,0.85
2025-03-28,1,0,1,-0.9,-0.9,0.9
2025-03-30,1,1,0,0.9,0.9,0.9
2025-03-31,2,0,1,-0.9,-0.45,0.9
2025-04-01,1,1,0,0.85,0.85,0.85
2025-04-02,5,0,5,-4.35,-0.87,0.9
2025-04-03,1,0,1,-0.9,-0.9,0.9
2025-04-04,9,0,9,-8.1,-0.9,0.95
2025-04-06,2,0,2,-1.8,-0.9,0.9
2025-04-07,5,0,5,-4.45,-0.89,0.9
2025-04-08,9,0,9,-7.95,-0.883333,0.9
2025-04-09,6,1,5,-3.55,-0.591667,0.9
2025-04-10,8,2,6,-3.7,-0.4625,0.9
2025-04-11,7,1,6,-4.45,-0.635714,0.9
2025-04-14,5,2,3,-0.75,-0.15,0.9
2025-04-15,8,1,7,-5.35,-0.66875,0.9
2025-04-16,4,2,2,0.05,0.0125,0.9
2025-04-17,5,1,4,-2.65,-0.53,0.9
2025-04-20,2,0,2,-1.8,-0.9,0.9
2025-04-21,1,0,1,-0.9,-0.9,0.9
2025-04-22,2,1,1,0.1,0.05,0.85
2025-04-23,7,1,6,-4.35,-0.621429,0.9
2025-04-24,4,0,3,-2.65,-0.6625,0.9
2025-04-25,3,0,3,-2.65,-0.883333,0.9
2025-04-28,6,0,6,-5.15,-0.858333,0.9
2025-04-29,3,0,3,-2.6,-0.866667,0.9
2025-04-30,9,0,9,-7.85,-0.872222,0.9
2025-05-01,3,0,3,-2.5,-0.833333,0.9
2025-05-02,7,0,7,-6.15,-0.878571,0.9
2025-05-04,1,0,1,-0.95,-0.95,0.95
2025-05-05,4,0,4,-3.5,-0.875,0.9
2025-05-06,10,4,6,-1.7,-0.17,0.95
2025-05-07,6,2,4,-1.7,-0.283333,0.9
2025-05-08,7,2,5,-2.5,-0.357143,0.9
2025-05-09,5,2,3,-0.95,-0.19,0.9
2025-05-11,2,1,1,0.0,0.0,0.85
2025-05-12,3,3,0,2.5,0.833333,0.9
2025-05-13,6,2,4,-1.6,-0.266667,0.9
2025-05-14,5,0,5,-4.45,-0.89,0.9
2025-05-15,4,1,3,-1.85,-0.4625,0.95
2025-05-16,3,0,2,-1.75,-0.583333,0.9
2025-05-19,3,0,3,-2.65,-0.883333,0.9
2025-05-20,6,1,5,-3.45,-0.575,0.95
2025-05-21,8,2,6,-3.5,-0.4375,0.9
2025-05-22,6,1,5,-3.55,-0.591667,0.9
2025-05-23,5,1,4,-2.65,-0.53,0.95
2025-05-26,1,0,1,-0.9,-0.9,0.9
2025-05-27,3,0,3,-2.6,-0.866667,0.9
2025-05-28,7,3,2,0.85,0.121429,0.95
2025-05-29,5,1,4,-2.5,-0.5,0.9
2025-05-30,6,0,6,-5.3,-0.883333,0.9
2025-05-31,1,0,1,-0.9,-0.9,0.9
2025-06-01,1,1,0,0.95,0.95,0.95
2025-06-02,2,1,1,0.05,0.025,0.9
2025-06-03,4,4,0,3.6,0.9,0.9
2025-06-04,3,1,2,-0.9,-0.3,0.9
2025-06-05,2,2,0,1.75,0.875,0.9
2025-06-06,7,4,3,0.85,0.121429,0.9
2025-06-09,3,1,2,-0.85,-0.283333,0.85
2025-06-10,4,0,3,-2.6,-0.65,0.9
2025-06-11,6,2,4,-1.65,-0.275,0.95
2025-06-12,5,4,1,2.65,0.53,0.9
2025-06-13,16,15,1,12.95,0.809375,0.95
2025-06-14,1,1,0,0.9,0.9,0.9
2025-06-16,9,5,4,0.9,0.1,0.9
2025-06-17,4,2,2,0.0,0.0,0.9
2025-06-18,6,4,2,1.75,0.291667,0.9
2025-06-19,11,9,2,6.3,0.572727,0.95
2025-06-20,5,4,1,2.75,0.55,0.95
2025-06-21,2,1,1,0.05,0.025,0.95
2025-06-22,3,3,0,2.65,0.883333,0.9
2025-06-23,17,11,6,4.75,0.279412,0.95
2025-06-24,6,0,6,-5.35,-0.891667,0.9
2025-06-25,5,4,1,2.65,0.53,0.9
2025-06-26,5,2,3,-0.7,-0.14,0.9
2025-06-27,5,1,4,-2.6,-0.52,0.9
2025-06-30,4,2,2,0.1,0.025,0.9
2025-07-01,2,2,0,1.75,0.875,0.9
2025-07-02,4,1,3,-1.75,-0.4375,0.9
2025-07-03,2,1,1,0.05,0.025,0.9
2025-07-04,2,0,2,-1.8,-0.9,0.9
2025-07-06,1,0,1,-0.9,-0.9,0.9
2025-07-07,5,1,4,-2.65,-0.53,0.9
2025-07-08,4,1,2,-0.85,-0.2125,0.9
2025-07-09,4,1,3,-1.75,-0.4375,0.9
2025-07-10,3,0,3,-2.65,-0.883333,0.9
2025-07-11,9,3,6,-2.75,-0.305556,0.9
2025-07-13,1,0,1,-0.9,-0.9,0.9
2025-07-14,7,2,5,-2.7,-0.385714,0.9
2025-07-15,9,0,9,-7.85,-0.872222,0.9
2025-07-16,4,0,4,-3.5,-0.875,0.9
2025-07-17,3,1,2,-0.9,-0.3,0.9
2025-07-18,7,1,6,-4.3,-0.614286,0.9
2025-07-21,3,0,3,-2.65,-0.883333,0.9
2025-07-22,8,0,7,-6.15,-0.76875,0.9
2025-07-23,2,1,1,0.05,0.025,0.9
2025-07-24,3,1,2,-0.85,-0.283333,0.95
2025-07-25,2,0,2,-1.75,-0.875,0.9
2025-07-28,6,3,3,0.0,0.0,0.9
2025-07-29,2,1,1,0.0,0.0,0.9
2025-07-30,2,1,1,-0.05,-0.025,0.9
2025-07-31,8,1,7,-5.15,-0.64375,0.9
2025-08-01,7,3,4,-0.8,-0.114286,0.9
2025-08-02,1,0,1,-0.85,-0.85,0.85
2025-08-04,6,1,5,-3.45,-0.575,0.9
2025-08-05,4,0,4,-3.4,-0.85,0.9
2025-08-06,3,0,2,-1.75,-0.583333,0.9
2025-08-07,10,2,7,-4.1,-0.41,0.9
2025-08-08,5,1,4,-2.7,-0.54,0.9
2025-08-11,5,0,4,-3.35,-0.67,0.9
2025-08-12,7,0,7,-5.75,-0.821429,0.9
2025-08-13,7,2,5,-2.65,-0.378571,0.9
2025-08-14,8,2,6,-3.4,-0.425,0.9
2025-08-15,5,0,5,-4.35,-0.87,0.95
2025-08-16,1,0,1,-0.85,-0.85,0.85
2025-08-18,1,0,1,-0.9,-0.9,0.9
2025-08-19,4,0,4,-3.35,-0.8375,0.9
2025-08-20,3,2,1,0.9,0.3,0.9
2025-08-21,2,2,0,1.75,0.875,0.9
2025-08-22,2,2,0,1.7,0.85,0.85
2025-08-25,4,3,0,2.65,0.6625,0.9
2025-08-26,2,0,2,-1.75,-0.875,0.9
2025-08-27,8,3,4,-0.8,-0.1,0.95
2025-08-28,8,2,4,-1.85,-0.23125,0.9
2025-08-29,5,1,4,-2.6,-0.52,0.9
2025-09-01,2,0,1,-0.85,-0.425,0.85
2025-09-02,4,3,1,1.7,0.425,0.9
2025-09-03,5,1,4,-2.55,-0.51,0.9
2025-09-04,2,0,2,-1.8,-0.9,0.9
2025-09-05,2,0,2,-1.75,-0.875,0.9
2025-09-07,1,1,0,0.9,0.9,0.9
2025-09-08,5,1,4,-2.7,-0.54,0.9
2025-09-09,4,1,3,-1.8,-0.45,0.9
2025-09-10,6,3,3,-0.05,-0.008333,0.9
2025-09-11,8,0,8,-7.0,-0.875,0.9
2025-09-12,3,2,1,0.9,0.3,0.9
2025-09-15,5,3,2,0.9,0.18,0.9
2025-09-16,1,0,1,-0.9,-0.9,0.9
2025-09-17,3,1,2,-0.8,-0.266667,0.9
2025-09-18,2,0,2,-1.8,-0.9,0.9
2025-09-19,4,2,2,0.0,0.0,0.9
2025-09-20,1,1,0,0.9,0.9,0.9
2025-09-22,1,0,1,-0.9,-0.9,0.9
2025-09-23,3,1,2,-0.75,-0.25,0.9
2025-09-24,3,2,1,0.8,0.266667,0.9
2025-09-25,3,2,1,0.95,0.316667,0.9
2025-09-26,4,3,1,1.75,0.4375,0.9
2025-09-29,4,2,2,-0.1,-0.025,0.9
2025-09-30,3,0,3,-2.6,-0.866667,0.9
2025-10-01,1,0,1,-0.85,-0.85,0.85
2025-10-02,1,1,0,0.85,0.85,0.85
2025-10-03,3,1,2,-0.8,-0.266667,0.9
2025-10-05,1,1,0,0.9,0.9,0.9
2025-10-07,3,0,1,-0.9,-0.3,0.9
2025-10-08,5,2,3,-0.7,-0.14,0.9
2025-10-09,4,1,2,-0.75,-0.1875,0.85
2025-10-10,153,49,92,-36.9,-0.241176,0.95
2025-10-13,3,2,1,0.9,0.3,0.9
2025-10-14,2,0,2,-1.7,-0.85,0.85
2025-10-15,4,2,2,0.1,0.025,0.9
2025-10-16,2,0,2,-1.75,-0.875,0.9
2025-10-17,2,0,2,-1.65,-0.825,0.9
2025-10-20,3,0,3,-2.55,-0.85,0.9
2025-10-21,1,0,1,-0.9,-0.9,0.9
2025-10-22,7,3,4,-0.8,-0.114286,0.95
2025-10-23,8,6,2,3.65,0.45625,0.9
2025-10-24,2,2,0,1.75,0.875,0.9
2025-10-27,1,0,1,-0.85,-0.85,0.85
2025-10-28,4,0,4,-3.65,-0.9125,0.95
2025-10-29,6,4,2,1.75,0.291667,0.9
2025-10-30,1,1,0,0.85,0.85,0.85
2025-10-31,7,2,5,-2.65,-0.378571,0.9
2025-11-03,6,1,3,-1.75,-0.291667,0.9
2025-11-05,4,1,3,-1.8,-0.45,0.9
2025-11-06,98,49,47,2.55,0.02602,0.95
2025-11-07,5,3,2,1.0,0.2,0.85
2025-11-09,1,0,1,-0.85,-0.85,0.85
2025-11-10,3,1,2,-0.9,-0.3,0.9
2025-11-11,2,1,1,0.0,0.0,0.9
2025-11-12,4,0,4,-3.6,-0.9,0.9
2025-11-13,1,1,0,0.9,0.9,0.9
2025-11-14,3,2,1,0.9,0.3,0.9
2025-11-17,1,0,1,-0.9,-0.9,0.9
2025-11-18,1,0,1,-0.85,-0.85,0.85
2025-11-20,4,2,2,0.15,0.0375,0.9
2025-11-21,2,0,2,-1.8,-0.9,0.9
2025-11-24,2,0,1,-0.85,-0.425,0.85
2025-11-26,5,1,4,-2.6,-0.52,0.9
2025-11-27,2,1,1,-0.05,-0.025,0.95
2025-11-28,9,2,7,-4.4,-0.488889,0.9
2025-11-30,1,1,0,0.9,0.9,0.9
2025-12-01,2,1,0,0.9,0.45,0.9
2025-12-02,3,1,2,-0.85,-0.283333,0.85
2025-12-03,2,1,0,0.9,0.45,0.9
2025-12-04,2,1,1,0.05,0.025,0.9
2025-12-05,5,2,2,0.0,0.0,0.9
2025-12-08,4,2,2,0.0,0.0,0.9
2025-12-09,2,0,2,-1.7,-0.85,0.85
2025-12-10,2,0,2,-1.8,-0.9,0.9
2025-12-11,3,2,1,0.95,0.316667,0.95
2025-12-12,2,0,2,-1.85,-0.925,0.95
2025-12-15,2,0,2,-1.65,-0.825,0.85
2025-12-16,5,1,4,-2.75,-0.55,0.9
2025-12-17,4,2,2,0.05,0.0125,0.95
2025-12-18,4,2,2,0.05,0.0125,0.9
2025-12-19,2,1,0,0.85,0.425,0.85
2025-12-21,1,1,0,0.9,0.9,0.9
2025-12-22,3,1,2,-0.6,-0.2,0.9
2025-12-23,4,2,2,0.0,0.0,0.9
2025-12-24,1,1,0,0.85,0.85,0.85
2025-12-26,2,0,2,-1.85,-0.925,0.95
2025-12-29,1,0,1,-0.9,-0.9,0.9
2025-12-30,1,0,1,-0.9,-0.9,0.9
2025-12-31,3,0,3,-2.65,-0.883333,0.9
2026-01-02,1,0,1,-0.85,-0.85,0.85
2026-01-04,3,1,1,-0.05,-0.016667,0.9
2026-01-05,4,3,1,1.7,0.425,0.9
2026-01-06,8,2,6,-3.4,-0.425,0.9
2026-01-07,8,1,7,-5.15,-0.64375,0.9
2026-01-08,2,1,1,0.0,0.0,0.9
2026-01-09,8,7,1,5.2,0.65,0.9
2026-01-12,5,2,3,-0.9,-0.18,0.9
2026-01-13,6,4,1,2.7,0.45,0.9
2026-01-14,7,3,4,-0.95,-0.135714,0.9
2026-01-15,6,2,3,-0.8,-0.133333,0.9
2026-01-16,6,3,3,0.0,0.0,0.9
2026-01-19,1,0,1,-0.9,-0.9,0.9
2026-01-20,1,0,1,-0.85,-0.85,0.85
2026-01-21,5,2,3,-0.85,-0.17,0.9
2026-01-22,3,3,0,2.65,0.883333,0.9
2026-01-23,2,1,1,-0.05,-0.025,0.9
2026-01-26,2,0,1,-0.85,-0.425,0.85
2026-01-27,2,0,2,-1.75,-0.875,0.9
2026-01-28,2,2,0,1.8,0.9,0.9
2026-01-29,5,4,1,2.7,0.54,0.95
2026-01-30,7,4,3,0.9,0.128571,0.9
2026-02-01,1,1,0,0.9,0.9,0.9
2026-02-02,2,0,2,-1.6,-0.8,0.85
2026-02-03,1,0,0,0.0,0.0,0.0
2026-02-04,3,3,0,2.5,0.833333,0.9
2026-02-05,5,1,4,-2.6,-0.52,0.9
2026-02-06,2,1,1,0.0,0.0,0.9
2026-02-07,1,1,0,0.9,0.9,0.9
2026-02-09,4,3,1,1.75,0.4375,0.9
2026-02-10,2,1,1,-0.05,-0.025,0.9
2026-02-11,2,1,1,0.05,0.025,0.9
2026-02-12,2,0,2,-1.8,-0.9,0.9
2026-02-13,2,2,0,1.75,0.875,0.9
2026-02-16,1,0,1,-0.9,-0.9,0.9
2026-02-18,3,1,2,-0.75,-0.25,0.95
2026-02-19,4,4,0,3.6,0.9,0.95
2026-02-20,4,3,1,1.8,0.45,0.9
2026-02-22,1,1,0,0.9,0.9,0.9
2026-02-23,3,2,1,0.9,0.3,0.9
2026-02-24,6,4,2,1.8,0.3,0.9
2026-02-25,4,1,3,-1.8,-0.45,0.9
2026-02-26,4,0,4,-3.55,-0.8875,0.9
2026-02-27,4,2,2,0.05,0.0125,0.9
2026-02-28,1,1,0,0.95,0.95,0.95
2026-03-01,7,7,0,6.4,0.914286,0.95
2026-03-02,14,14,0,12.95,0.925,0.95
2026-03-03,26,26,0,23.9,0.919231,0.95
2026-03-04,12,10,2,7.45,0.620833,0.95
2026-03-05,19,17,2,13.65,0.718421,0.95
2026-03-06,14,14,0,12.85,0.917857,0.95
2026-03-07,1,1,0,0.95,0.95,0.95
2026-03-08,4,2,2,0.15,0.0375,0.95
2026-03-09,34,27,7,18.1,0.532353,0.95
2026-03-10,10,7,3,3.75,0.375,0.95
